{
  "project_info": {
    "project_number": "910499924686",
    "firebase_url": "https://simplegridview.firebaseio.com",
    "project_id": "simplegridview",
    "storage_bucket": "simplegridview.appspot.com"
  },
  "client": [
    {
      "client_info": {
        "mobilesdk_app_id": "1:910499924686:android:c50b0f4333950117",
        "android_client_info": {
          "package_name": "com.tutorials.hp.firebasesimplegridview"
        }
      },
      "oauth_client": [
        {
          "client_id": "910499924686-kjigcctg31ll8n705god7d6kbpoh46r3.apps.googleusercontent.com",
          "client_type": 3
        }
      ],
      "api_key": [
        {
          "current_key": "AIzaSyDdsBHwJ6kSm8nKgLpwXNz3B3KXnpHMjgA"
        }
      ],
      "services": {
        "analytics_service": {
          "status": 1
        },
        "appinvite_service": {
          "status": 1,
          "other_platform_oauth_client": []
        },
        "ads_service": {
          "status": 2
        }
      }
    }
  ],
  "configuration_version": "1"
}